/home/jfrancis/Downloads/IMG/center_2021_02_04_12_33_52_762.jpg,/home/jfrancis/Downloads/IMG/left_2021_02_04_12_33_52_762.jpg,/home/jfrancis/Downloads/IMG/right_2021_02_04_12_33_52_762.jpg,0,0.08560538,0,26.40932
/home/jfrancis/Downloads/IMG/center_2021_02_04_12_33_52_833.jpg,/home/jfrancis/Downloads/IMG/left_2021_02_04_12_33_52_833.jpg,/home/jfrancis/Downloads/IMG/right_2021_02_04_12_33_52_833.jpg,0,0.2520897,0,26.37516
/home/jfrancis/Downloads/IMG/center_2021_02_04_12_33_52_906.jpg,/home/jfrancis/Downloads/IMG/left_2021_02_04_12_33_52_906.jpg,/home/jfrancis/Downloads/IMG/right_2021_02_04_12_33_52_906.jpg,0,0.5190568,0,26.53047
/home/jfrancis/Downloads/IMG/center_2021_02_04_12_33_52_976.jpg,/home/jfrancis/Downloads/IMG/left_2021_02_04_12_33_52_976.jpg,/home/jfrancis/Downloads/IMG/right_2021_02_04_12_33_52_976.jpg,0,0.7272213,0,26.92256
/home/jfrancis/Downloads/IMG/center_2021_02_04_12_33_53_043.jpg,/home/jfrancis/Downloads/IMG/left_2021_02_04_12_33_53_043.jpg,/home/jfrancis/Downloads/IMG/right_2021_02_04_12_33_53_043.jpg,0,0.9275758,0,27.35597
/home/jfrancis/Downloads/IMG/center_2021_02_04_12_33_53_111.jpg,/home/jfrancis/Downloads/IMG/left_2021_02_04_12_33_53_111.jpg,/home/jfrancis/Downloads/IMG/right_2021_02_04_12_33_53_111.jpg,0,1,0,27.9096
/home/jfrancis/Downloads/IMG/center_2021_02_04_12_33_53_179.jpg,/home/jfrancis/Downloads/IMG/left_2021_02_04_12_33_53_179.jpg,/home/jfrancis/Downloads/IMG/right_2021_02_04_12_33_53_179.jpg,0,1,0,28.65863
/home/jfrancis/Downloads/IMG/center_2021_02_04_12_33_53_249.jpg,/home/jfrancis/Downloads/IMG/left_2021_02_04_12_33_53_249.jpg,/home/jfrancis/Downloads/IMG/right_2021_02_04_12_33_53_249.jpg,0,1,0,29.21699
/home/jfrancis/Downloads/IMG/center_2021_02_04_12_33_53_322.jpg,/home/jfrancis/Downloads/IMG/left_2021_02_04_12_33_53_322.jpg,/home/jfrancis/Downloads/IMG/right_2021_02_04_12_33_53_322.jpg,0,1,0,29.95633
/home/jfrancis/Downloads/IMG/center_2021_02_04_12_33_53_393.jpg,/home/jfrancis/Downloads/IMG/left_2021_02_04_12_33_53_393.jpg,/home/jfrancis/Downloads/IMG/right_2021_02_04_12_33_53_393.jpg,0,1,0,30.19209
/home/jfrancis/Downloads/IMG/center_2021_02_04_12_33_53_461.jpg,/home/jfrancis/Downloads/IMG/left_2021_02_04_12_33_53_461.jpg,/home/jfrancis/Downloads/IMG/right_2021_02_04_12_33_53_461.jpg,0,1,0,30.19205
/home/jfrancis/Downloads/IMG/center_2021_02_04_12_33_53_533.jpg,/home/jfrancis/Downloads/IMG/left_2021_02_04_12_33_53_533.jpg,/home/jfrancis/Downloads/IMG/right_2021_02_04_12_33_53_533.jpg,0,1,0,30.20571
/home/jfrancis/Downloads/IMG/center_2021_02_04_12_33_53_607.jpg,/home/jfrancis/Downloads/IMG/left_2021_02_04_12_33_53_607.jpg,/home/jfrancis/Downloads/IMG/right_2021_02_04_12_33_53_607.jpg,-0.005882353,1,0,30.17672
/home/jfrancis/Downloads/IMG/center_2021_02_04_12_33_53_677.jpg,/home/jfrancis/Downloads/IMG/left_2021_02_04_12_33_53_677.jpg,/home/jfrancis/Downloads/IMG/right_2021_02_04_12_33_53_677.jpg,-0.1647059,1,0,30.19196
/home/jfrancis/Downloads/IMG/center_2021_02_04_12_33_53_744.jpg,/home/jfrancis/Downloads/IMG/left_2021_02_04_12_33_53_744.jpg,/home/jfrancis/Downloads/IMG/right_2021_02_04_12_33_53_744.jpg,-0.1705882,1,0,30.18291
/home/jfrancis/Downloads/IMG/center_2021_02_04_12_33_53_813.jpg,/home/jfrancis/Downloads/IMG/left_2021_02_04_12_33_53_813.jpg,/home/jfrancis/Downloads/IMG/right_2021_02_04_12_33_53_813.jpg,-0.1705882,1,0,30.18602
/home/jfrancis/Downloads/IMG/center_2021_02_04_12_33_53_880.jpg,/home/jfrancis/Downloads/IMG/left_2021_02_04_12_33_53_880.jpg,/home/jfrancis/Downloads/IMG/right_2021_02_04_12_33_53_880.jpg,-0.1705882,1,0,30.18794
/home/jfrancis/Downloads/IMG/center_2021_02_04_12_33_53_960.jpg,/home/jfrancis/Downloads/IMG/left_2021_02_04_12_33_53_960.jpg,/home/jfrancis/Downloads/IMG/right_2021_02_04_12_33_53_960.jpg,-0.1705882,1,0,30.18844
/home/jfrancis/Downloads/IMG/center_2021_02_04_12_33_54_028.jpg,/home/jfrancis/Downloads/IMG/left_2021_02_04_12_33_54_028.jpg,/home/jfrancis/Downloads/IMG/right_2021_02_04_12_33_54_028.jpg,-0.1705882,1,0,30.18847
/home/jfrancis/Downloads/IMG/center_2021_02_04_12_33_54_099.jpg,/home/jfrancis/Downloads/IMG/left_2021_02_04_12_33_54_099.jpg,/home/jfrancis/Downloads/IMG/right_2021_02_04_12_33_54_099.jpg,-0.04117647,1,0,30.19044
/home/jfrancis/Downloads/IMG/center_2021_02_04_12_33_54_167.jpg,/home/jfrancis/Downloads/IMG/left_2021_02_04_12_33_54_167.jpg,/home/jfrancis/Downloads/IMG/right_2021_02_04_12_33_54_167.jpg,0.02941176,1,0,30.18839
/home/jfrancis/Downloads/IMG/center_2021_02_04_12_33_54_237.jpg,/home/jfrancis/Downloads/IMG/left_2021_02_04_12_33_54_237.jpg,/home/jfrancis/Downloads/IMG/right_2021_02_04_12_33_54_237.jpg,0.07058824,1,0,30.18763
/home/jfrancis/Downloads/IMG/center_2021_02_04_12_33_54_305.jpg,/home/jfrancis/Downloads/IMG/left_2021_02_04_12_33_54_305.jpg,/home/jfrancis/Downloads/IMG/right_2021_02_04_12_33_54_305.jpg,0.1235294,1,0,30.18607
/home/jfrancis/Downloads/IMG/center_2021_02_04_12_33_54_384.jpg,/home/jfrancis/Downloads/IMG/left_2021_02_04_12_33_54_384.jpg,/home/jfrancis/Downloads/IMG/right_2021_02_04_12_33_54_384.jpg,0.1823529,1,0,30.18466
/home/jfrancis/Downloads/IMG/center_2021_02_04_12_33_54_453.jpg,/home/jfrancis/Downloads/IMG/left_2021_02_04_12_33_54_453.jpg,/home/jfrancis/Downloads/IMG/right_2021_02_04_12_33_54_453.jpg,0.1823529,1,0,30.18659
/home/jfrancis/Downloads/IMG/center_2021_02_04_12_33_54_525.jpg,/home/jfrancis/Downloads/IMG/left_2021_02_04_12_33_54_525.jpg,/home/jfrancis/Downloads/IMG/right_2021_02_04_12_33_54_525.jpg,0.1823529,1,0,30.1883
/home/jfrancis/Downloads/IMG/center_2021_02_04_12_33_54_595.jpg,/home/jfrancis/Downloads/IMG/left_2021_02_04_12_33_54_595.jpg,/home/jfrancis/Downloads/IMG/right_2021_02_04_12_33_54_595.jpg,0.1823529,1,0,30.18931
/home/jfrancis/Downloads/IMG/center_2021_02_04_12_33_54_666.jpg,/home/jfrancis/Downloads/IMG/left_2021_02_04_12_33_54_666.jpg,/home/jfrancis/Downloads/IMG/right_2021_02_04_12_33_54_666.jpg,0.1823529,1,0,30.18989
/home/jfrancis/Downloads/IMG/center_2021_02_04_12_33_54_740.jpg,/home/jfrancis/Downloads/IMG/left_2021_02_04_12_33_54_740.jpg,/home/jfrancis/Downloads/IMG/right_2021_02_04_12_33_54_740.jpg,0.1823529,1,0,30.19128
/home/jfrancis/Downloads/IMG/center_2021_02_04_12_33_54_808.jpg,/home/jfrancis/Downloads/IMG/left_2021_02_04_12_33_54_808.jpg,/home/jfrancis/Downloads/IMG/right_2021_02_04_12_33_54_808.jpg,0.1823529,1,0,30.19152
/home/jfrancis/Downloads/IMG/center_2021_02_04_12_33_54_879.jpg,/home/jfrancis/Downloads/IMG/left_2021_02_04_12_33_54_879.jpg,/home/jfrancis/Downloads/IMG/right_2021_02_04_12_33_54_879.jpg,0.1705882,1,0,30.19134
/home/jfrancis/Downloads/IMG/center_2021_02_04_12_33_54_948.jpg,/home/jfrancis/Downloads/IMG/left_2021_02_04_12_33_54_948.jpg,/home/jfrancis/Downloads/IMG/right_2021_02_04_12_33_54_948.jpg,0.08823529,1,0,30.1937
/home/jfrancis/Downloads/IMG/center_2021_02_04_12_33_55_019.jpg,/home/jfrancis/Downloads/IMG/left_2021_02_04_12_33_55_019.jpg,/home/jfrancis/Downloads/IMG/right_2021_02_04_12_33_55_019.jpg,0.02352941,1,0,30.1907
/home/jfrancis/Downloads/IMG/center_2021_02_04_12_33_55_089.jpg,/home/jfrancis/Downloads/IMG/left_2021_02_04_12_33_55_089.jpg,/home/jfrancis/Downloads/IMG/right_2021_02_04_12_33_55_089.jpg,-0.02352941,1,0,30.1898
/home/jfrancis/Downloads/IMG/center_2021_02_04_12_33_55_166.jpg,/home/jfrancis/Downloads/IMG/left_2021_02_04_12_33_55_166.jpg,/home/jfrancis/Downloads/IMG/right_2021_02_04_12_33_55_166.jpg,-0.05882353,1,0,30.19384
/home/jfrancis/Downloads/IMG/center_2021_02_04_12_33_55_234.jpg,/home/jfrancis/Downloads/IMG/left_2021_02_04_12_33_55_234.jpg,/home/jfrancis/Downloads/IMG/right_2021_02_04_12_33_55_234.jpg,-0.07058824,1,0,30.18931
/home/jfrancis/Downloads/IMG/center_2021_02_04_12_33_55_302.jpg,/home/jfrancis/Downloads/IMG/left_2021_02_04_12_33_55_302.jpg,/home/jfrancis/Downloads/IMG/right_2021_02_04_12_33_55_302.jpg,-0.1058824,1,0,30.18896
/home/jfrancis/Downloads/IMG/center_2021_02_04_12_33_55_371.jpg,/home/jfrancis/Downloads/IMG/left_2021_02_04_12_33_55_371.jpg,/home/jfrancis/Downloads/IMG/right_2021_02_04_12_33_55_371.jpg,-0.1117647,1,0,30.18941
/home/jfrancis/Downloads/IMG/center_2021_02_04_12_33_55_443.jpg,/home/jfrancis/Downloads/IMG/left_2021_02_04_12_33_55_443.jpg,/home/jfrancis/Downloads/IMG/right_2021_02_04_12_33_55_443.jpg,-0.1117647,1,0,30.19019
/home/jfrancis/Downloads/IMG/center_2021_02_04_12_33_55_510.jpg,/home/jfrancis/Downloads/IMG/left_2021_02_04_12_33_55_510.jpg,/home/jfrancis/Downloads/IMG/right_2021_02_04_12_33_55_510.jpg,-0.1117647,1,0,30.18998
/home/jfrancis/Downloads/IMG/center_2021_02_04_12_33_55_579.jpg,/home/jfrancis/Downloads/IMG/left_2021_02_04_12_33_55_579.jpg,/home/jfrancis/Downloads/IMG/right_2021_02_04_12_33_55_579.jpg,-0.08235294,1,0,30.19059
/home/jfrancis/Downloads/IMG/center_2021_02_04_12_33_55_646.jpg,/home/jfrancis/Downloads/IMG/left_2021_02_04_12_33_55_646.jpg,/home/jfrancis/Downloads/IMG/right_2021_02_04_12_33_55_646.jpg,-0.01764706,1,0,30.19069
/home/jfrancis/Downloads/IMG/center_2021_02_04_12_33_55_718.jpg,/home/jfrancis/Downloads/IMG/left_2021_02_04_12_33_55_718.jpg,/home/jfrancis/Downloads/IMG/right_2021_02_04_12_33_55_718.jpg,0.03529412,1,0,30.1882
/home/jfrancis/Downloads/IMG/center_2021_02_04_12_33_55_788.jpg,/home/jfrancis/Downloads/IMG/left_2021_02_04_12_33_55_788.jpg,/home/jfrancis/Downloads/IMG/right_2021_02_04_12_33_55_788.jpg,0.07647059,1,0,30.18803
/home/jfrancis/Downloads/IMG/center_2021_02_04_12_33_55_859.jpg,/home/jfrancis/Downloads/IMG/left_2021_02_04_12_33_55_859.jpg,/home/jfrancis/Downloads/IMG/right_2021_02_04_12_33_55_859.jpg,0.07647059,1,0,30.18923
/home/jfrancis/Downloads/IMG/center_2021_02_04_12_33_55_927.jpg,/home/jfrancis/Downloads/IMG/left_2021_02_04_12_33_55_927.jpg,/home/jfrancis/Downloads/IMG/right_2021_02_04_12_33_55_927.jpg,0.03529412,1,0,30.19016
/home/jfrancis/Downloads/IMG/center_2021_02_04_12_33_55_997.jpg,/home/jfrancis/Downloads/IMG/left_2021_02_04_12_33_55_997.jpg,/home/jfrancis/Downloads/IMG/right_2021_02_04_12_33_55_997.jpg,-0.05294118,1,0,30.18849
/home/jfrancis/Downloads/IMG/center_2021_02_04_12_33_56_066.jpg,/home/jfrancis/Downloads/IMG/left_2021_02_04_12_33_56_066.jpg,/home/jfrancis/Downloads/IMG/right_2021_02_04_12_33_56_066.jpg,-0.1117647,1,0,30.18687
/home/jfrancis/Downloads/IMG/center_2021_02_04_12_33_56_135.jpg,/home/jfrancis/Downloads/IMG/left_2021_02_04_12_33_56_135.jpg,/home/jfrancis/Downloads/IMG/right_2021_02_04_12_33_56_135.jpg,-0.1411765,1,0,30.18688
/home/jfrancis/Downloads/IMG/center_2021_02_04_12_33_56_208.jpg,/home/jfrancis/Downloads/IMG/left_2021_02_04_12_33_56_208.jpg,/home/jfrancis/Downloads/IMG/right_2021_02_04_12_33_56_208.jpg,-0.1411765,1,0,30.19093
/home/jfrancis/Downloads/IMG/center_2021_02_04_12_33_56_281.jpg,/home/jfrancis/Downloads/IMG/left_2021_02_04_12_33_56_281.jpg,/home/jfrancis/Downloads/IMG/right_2021_02_04_12_33_56_281.jpg,-0.1411765,1,0,30.18826
/home/jfrancis/Downloads/IMG/center_2021_02_04_12_33_56_354.jpg,/home/jfrancis/Downloads/IMG/left_2021_02_04_12_33_56_354.jpg,/home/jfrancis/Downloads/IMG/right_2021_02_04_12_33_56_354.jpg,-0.1411765,1,0,30.18896
/home/jfrancis/Downloads/IMG/center_2021_02_04_12_33_56_427.jpg,/home/jfrancis/Downloads/IMG/left_2021_02_04_12_33_56_427.jpg,/home/jfrancis/Downloads/IMG/right_2021_02_04_12_33_56_427.jpg,-0.1411765,1,0,30.19198
/home/jfrancis/Downloads/IMG/center_2021_02_04_12_33_56_497.jpg,/home/jfrancis/Downloads/IMG/left_2021_02_04_12_33_56_497.jpg,/home/jfrancis/Downloads/IMG/right_2021_02_04_12_33_56_497.jpg,-0.1411765,1,0,30.1888
/home/jfrancis/Downloads/IMG/center_2021_02_04_12_33_56_565.jpg,/home/jfrancis/Downloads/IMG/left_2021_02_04_12_33_56_565.jpg,/home/jfrancis/Downloads/IMG/right_2021_02_04_12_33_56_565.jpg,-0.1411765,1,0,30.18931
/home/jfrancis/Downloads/IMG/center_2021_02_04_12_33_56_637.jpg,/home/jfrancis/Downloads/IMG/left_2021_02_04_12_33_56_637.jpg,/home/jfrancis/Downloads/IMG/right_2021_02_04_12_33_56_637.jpg,-0.1411765,1,0,30.18955
/home/jfrancis/Downloads/IMG/center_2021_02_04_12_33_56_708.jpg,/home/jfrancis/Downloads/IMG/left_2021_02_04_12_33_56_708.jpg,/home/jfrancis/Downloads/IMG/right_2021_02_04_12_33_56_708.jpg,-0.1411765,1,0,30.18968
/home/jfrancis/Downloads/IMG/center_2021_02_04_12_33_56_784.jpg,/home/jfrancis/Downloads/IMG/left_2021_02_04_12_33_56_784.jpg,/home/jfrancis/Downloads/IMG/right_2021_02_04_12_33_56_784.jpg,-0.08823529,1,0,30.19077
/home/jfrancis/Downloads/IMG/center_2021_02_04_12_33_56_857.jpg,/home/jfrancis/Downloads/IMG/left_2021_02_04_12_33_56_857.jpg,/home/jfrancis/Downloads/IMG/right_2021_02_04_12_33_56_857.jpg,-0.08235294,1,0,30.19061
/home/jfrancis/Downloads/IMG/center_2021_02_04_12_33_56_930.jpg,/home/jfrancis/Downloads/IMG/left_2021_02_04_12_33_56_930.jpg,/home/jfrancis/Downloads/IMG/right_2021_02_04_12_33_56_930.jpg,-0.08235294,1,0,30.19052
/home/jfrancis/Downloads/IMG/center_2021_02_04_12_33_57_014.jpg,/home/jfrancis/Downloads/IMG/left_2021_02_04_12_33_57_014.jpg,/home/jfrancis/Downloads/IMG/right_2021_02_04_12_33_57_014.jpg,-0.08235294,1,0,30.19042
/home/jfrancis/Downloads/IMG/center_2021_02_04_12_33_57_094.jpg,/home/jfrancis/Downloads/IMG/left_2021_02_04_12_33_57_094.jpg,/home/jfrancis/Downloads/IMG/right_2021_02_04_12_33_57_094.jpg,-0.08235294,1,0,30.19038
/home/jfrancis/Downloads/IMG/center_2021_02_04_12_33_57_169.jpg,/home/jfrancis/Downloads/IMG/left_2021_02_04_12_33_57_169.jpg,/home/jfrancis/Downloads/IMG/right_2021_02_04_12_33_57_169.jpg,-0.08235294,1,0,30.19038
/home/jfrancis/Downloads/IMG/center_2021_02_04_12_33_57_244.jpg,/home/jfrancis/Downloads/IMG/left_2021_02_04_12_33_57_244.jpg,/home/jfrancis/Downloads/IMG/right_2021_02_04_12_33_57_244.jpg,-0.1,1,0,30.19
/home/jfrancis/Downloads/IMG/center_2021_02_04_12_33_57_324.jpg,/home/jfrancis/Downloads/IMG/left_2021_02_04_12_33_57_324.jpg,/home/jfrancis/Downloads/IMG/right_2021_02_04_12_33_57_324.jpg,-0.1117647,1,0,30.18974
/home/jfrancis/Downloads/IMG/center_2021_02_04_12_33_57_399.jpg,/home/jfrancis/Downloads/IMG/left_2021_02_04_12_33_57_399.jpg,/home/jfrancis/Downloads/IMG/right_2021_02_04_12_33_57_399.jpg,-0.1117647,1,0,30.18997
/home/jfrancis/Downloads/IMG/center_2021_02_04_12_33_57_477.jpg,/home/jfrancis/Downloads/IMG/left_2021_02_04_12_33_57_477.jpg,/home/jfrancis/Downloads/IMG/right_2021_02_04_12_33_57_477.jpg,-0.1117647,1,0,30.19085
/home/jfrancis/Downloads/IMG/center_2021_02_04_12_33_57_558.jpg,/home/jfrancis/Downloads/IMG/left_2021_02_04_12_33_57_558.jpg,/home/jfrancis/Downloads/IMG/right_2021_02_04_12_33_57_558.jpg,-0.1058824,1,0,30.19025
/home/jfrancis/Downloads/IMG/center_2021_02_04_12_33_57_633.jpg,/home/jfrancis/Downloads/IMG/left_2021_02_04_12_33_57_633.jpg,/home/jfrancis/Downloads/IMG/right_2021_02_04_12_33_57_633.jpg,0.005882353,1,0,30.18993
/home/jfrancis/Downloads/IMG/center_2021_02_04_12_33_57_705.jpg,/home/jfrancis/Downloads/IMG/left_2021_02_04_12_33_57_705.jpg,/home/jfrancis/Downloads/IMG/right_2021_02_04_12_33_57_705.jpg,0.1058824,1,0,30.18559
/home/jfrancis/Downloads/IMG/center_2021_02_04_12_33_57_780.jpg,/home/jfrancis/Downloads/IMG/left_2021_02_04_12_33_57_780.jpg,/home/jfrancis/Downloads/IMG/right_2021_02_04_12_33_57_780.jpg,0.1058824,1,0,30.18818
/home/jfrancis/Downloads/IMG/center_2021_02_04_12_33_57_857.jpg,/home/jfrancis/Downloads/IMG/left_2021_02_04_12_33_57_857.jpg,/home/jfrancis/Downloads/IMG/right_2021_02_04_12_33_57_857.jpg,0.1058824,1,0,30.18911
/home/jfrancis/Downloads/IMG/center_2021_02_04_12_34_06_033.jpg,/home/jfrancis/Downloads/IMG/left_2021_02_04_12_34_06_033.jpg,/home/jfrancis/Downloads/IMG/right_2021_02_04_12_34_06_033.jpg,-0.04117647,1,0,10.17717
/home/jfrancis/Downloads/IMG/center_2021_02_04_12_34_06_110.jpg,/home/jfrancis/Downloads/IMG/left_2021_02_04_12_34_06_110.jpg,/home/jfrancis/Downloads/IMG/right_2021_02_04_12_34_06_110.jpg,-0.04117647,1,0,11.05914
/home/jfrancis/Downloads/IMG/center_2021_02_04_12_34_06_179.jpg,/home/jfrancis/Downloads/IMG/left_2021_02_04_12_34_06_179.jpg,/home/jfrancis/Downloads/IMG/right_2021_02_04_12_34_06_179.jpg,-0.04117647,1,0,12.06346
/home/jfrancis/Downloads/IMG/center_2021_02_04_12_34_06_258.jpg,/home/jfrancis/Downloads/IMG/left_2021_02_04_12_34_06_258.jpg,/home/jfrancis/Downloads/IMG/right_2021_02_04_12_34_06_258.jpg,-0.04117647,1,0,12.78235
/home/jfrancis/Downloads/IMG/center_2021_02_04_12_34_06_328.jpg,/home/jfrancis/Downloads/IMG/left_2021_02_04_12_34_06_328.jpg,/home/jfrancis/Downloads/IMG/right_2021_02_04_12_34_06_328.jpg,-0.04117647,1,0,13.2257
/home/jfrancis/Downloads/IMG/center_2021_02_04_12_34_06_399.jpg,/home/jfrancis/Downloads/IMG/left_2021_02_04_12_34_06_399.jpg,/home/jfrancis/Downloads/IMG/right_2021_02_04_12_34_06_399.jpg,-0.04117647,1,0,14.18744
/home/jfrancis/Downloads/IMG/center_2021_02_04_12_34_06_468.jpg,/home/jfrancis/Downloads/IMG/left_2021_02_04_12_34_06_468.jpg,/home/jfrancis/Downloads/IMG/right_2021_02_04_12_34_06_468.jpg,-0.04117647,1,0,15.00071
/home/jfrancis/Downloads/IMG/center_2021_02_04_12_34_06_539.jpg,/home/jfrancis/Downloads/IMG/left_2021_02_04_12_34_06_539.jpg,/home/jfrancis/Downloads/IMG/right_2021_02_04_12_34_06_539.jpg,-0.04117647,1,0,15.79853
/home/jfrancis/Downloads/IMG/center_2021_02_04_12_34_06_610.jpg,/home/jfrancis/Downloads/IMG/left_2021_02_04_12_34_06_610.jpg,/home/jfrancis/Downloads/IMG/right_2021_02_04_12_34_06_610.jpg,-0.04117647,1,0,16.38219
/home/jfrancis/Downloads/IMG/center_2021_02_04_12_34_06_678.jpg,/home/jfrancis/Downloads/IMG/left_2021_02_04_12_34_06_678.jpg,/home/jfrancis/Downloads/IMG/right_2021_02_04_12_34_06_678.jpg,-0.04117647,1,0,17.22643
/home/jfrancis/Downloads/IMG/center_2021_02_04_12_34_06_748.jpg,/home/jfrancis/Downloads/IMG/left_2021_02_04_12_34_06_748.jpg,/home/jfrancis/Downloads/IMG/right_2021_02_04_12_34_06_748.jpg,-0.04117647,1,0,17.86686
/home/jfrancis/Downloads/IMG/center_2021_02_04_12_34_06_829.jpg,/home/jfrancis/Downloads/IMG/left_2021_02_04_12_34_06_829.jpg,/home/jfrancis/Downloads/IMG/right_2021_02_04_12_34_06_829.jpg,-0.05882353,1,0,18.68285
/home/jfrancis/Downloads/IMG/center_2021_02_04_12_34_06_897.jpg,/home/jfrancis/Downloads/IMG/left_2021_02_04_12_34_06_897.jpg,/home/jfrancis/Downloads/IMG/right_2021_02_04_12_34_06_897.jpg,-0.08235294,1,0,19.49422
/home/jfrancis/Downloads/IMG/center_2021_02_04_12_34_06_975.jpg,/home/jfrancis/Downloads/IMG/left_2021_02_04_12_34_06_975.jpg,/home/jfrancis/Downloads/IMG/right_2021_02_04_12_34_06_975.jpg,-0.1235294,1,0,20.29917
/home/jfrancis/Downloads/IMG/center_2021_02_04_12_34_07_050.jpg,/home/jfrancis/Downloads/IMG/left_2021_02_04_12_34_07_050.jpg,/home/jfrancis/Downloads/IMG/right_2021_02_04_12_34_07_050.jpg,-0.1647059,1,0,20.90479
/home/jfrancis/Downloads/IMG/center_2021_02_04_12_34_07_118.jpg,/home/jfrancis/Downloads/IMG/left_2021_02_04_12_34_07_118.jpg,/home/jfrancis/Downloads/IMG/right_2021_02_04_12_34_07_118.jpg,-0.2470588,1,0,21.69362
/home/jfrancis/Downloads/IMG/center_2021_02_04_12_34_07_186.jpg,/home/jfrancis/Downloads/IMG/left_2021_02_04_12_34_07_186.jpg,/home/jfrancis/Downloads/IMG/right_2021_02_04_12_34_07_186.jpg,-0.2764706,1,0,22.25549
/home/jfrancis/Downloads/IMG/center_2021_02_04_12_34_07_257.jpg,/home/jfrancis/Downloads/IMG/left_2021_02_04_12_34_07_257.jpg,/home/jfrancis/Downloads/IMG/right_2021_02_04_12_34_07_257.jpg,-0.2941177,1,0,23.04312
/home/jfrancis/Downloads/IMG/center_2021_02_04_12_34_07_327.jpg,/home/jfrancis/Downloads/IMG/left_2021_02_04_12_34_07_327.jpg,/home/jfrancis/Downloads/IMG/right_2021_02_04_12_34_07_327.jpg,-0.2941177,1,0,23.62022
/home/jfrancis/Downloads/IMG/center_2021_02_04_12_34_07_397.jpg,/home/jfrancis/Downloads/IMG/left_2021_02_04_12_34_07_397.jpg,/home/jfrancis/Downloads/IMG/right_2021_02_04_12_34_07_397.jpg,-0.2941177,1,0,24.39384
/home/jfrancis/Downloads/IMG/center_2021_02_04_12_34_07_464.jpg,/home/jfrancis/Downloads/IMG/left_2021_02_04_12_34_07_464.jpg,/home/jfrancis/Downloads/IMG/right_2021_02_04_12_34_07_464.jpg,-0.2941177,1,0,24.97359
/home/jfrancis/Downloads/IMG/center_2021_02_04_12_34_07_533.jpg,/home/jfrancis/Downloads/IMG/left_2021_02_04_12_34_07_533.jpg,/home/jfrancis/Downloads/IMG/right_2021_02_04_12_34_07_533.jpg,-0.2411765,1,0,25.55399
/home/jfrancis/Downloads/IMG/center_2021_02_04_12_34_07_600.jpg,/home/jfrancis/Downloads/IMG/left_2021_02_04_12_34_07_600.jpg,/home/jfrancis/Downloads/IMG/right_2021_02_04_12_34_07_600.jpg,-0.2058824,1,0,26.32727
/home/jfrancis/Downloads/IMG/center_2021_02_04_12_34_07_668.jpg,/home/jfrancis/Downloads/IMG/left_2021_02_04_12_34_07_668.jpg,/home/jfrancis/Downloads/IMG/right_2021_02_04_12_34_07_668.jpg,-0.1235294,1,0,26.90527
/home/jfrancis/Downloads/IMG/center_2021_02_04_12_34_07_737.jpg,/home/jfrancis/Downloads/IMG/left_2021_02_04_12_34_07_737.jpg,/home/jfrancis/Downloads/IMG/right_2021_02_04_12_34_07_737.jpg,-0.1176471,1,0,27.67243
/home/jfrancis/Downloads/IMG/center_2021_02_04_12_34_07_804.jpg,/home/jfrancis/Downloads/IMG/left_2021_02_04_12_34_07_804.jpg,/home/jfrancis/Downloads/IMG/right_2021_02_04_12_34_07_804.jpg,-0.1117647,1,0,28.2345
/home/jfrancis/Downloads/IMG/center_2021_02_04_12_34_07_873.jpg,/home/jfrancis/Downloads/IMG/left_2021_02_04_12_34_07_873.jpg,/home/jfrancis/Downloads/IMG/right_2021_02_04_12_34_07_873.jpg,-0.07058824,1,0,28.79651
/home/jfrancis/Downloads/IMG/center_2021_02_04_12_34_07_942.jpg,/home/jfrancis/Downloads/IMG/left_2021_02_04_12_34_07_942.jpg,/home/jfrancis/Downloads/IMG/right_2021_02_04_12_34_07_942.jpg,-0.06470589,1,0,29.54322
/home/jfrancis/Downloads/IMG/center_2021_02_04_12_34_08_012.jpg,/home/jfrancis/Downloads/IMG/left_2021_02_04_12_34_08_012.jpg,/home/jfrancis/Downloads/IMG/right_2021_02_04_12_34_08_012.jpg,-0.05882353,1,0,30.09036
/home/jfrancis/Downloads/IMG/center_2021_02_04_12_34_08_082.jpg,/home/jfrancis/Downloads/IMG/left_2021_02_04_12_34_08_082.jpg,/home/jfrancis/Downloads/IMG/right_2021_02_04_12_34_08_082.jpg,0.04705882,1,0,30.19003
/home/jfrancis/Downloads/IMG/center_2021_02_04_12_34_08_151.jpg,/home/jfrancis/Downloads/IMG/left_2021_02_04_12_34_08_151.jpg,/home/jfrancis/Downloads/IMG/right_2021_02_04_12_34_08_151.jpg,0.07647059,1,0,30.18836
/home/jfrancis/Downloads/IMG/center_2021_02_04_12_34_08_221.jpg,/home/jfrancis/Downloads/IMG/left_2021_02_04_12_34_08_221.jpg,/home/jfrancis/Downloads/IMG/right_2021_02_04_12_34_08_221.jpg,0.1411765,1,0,30.18643
/home/jfrancis/Downloads/IMG/center_2021_02_04_12_34_08_298.jpg,/home/jfrancis/Downloads/IMG/left_2021_02_04_12_34_08_298.jpg,/home/jfrancis/Downloads/IMG/right_2021_02_04_12_34_08_298.jpg,0.1411765,1,0,30.18581
/home/jfrancis/Downloads/IMG/center_2021_02_04_12_34_08_365.jpg,/home/jfrancis/Downloads/IMG/left_2021_02_04_12_34_08_365.jpg,/home/jfrancis/Downloads/IMG/right_2021_02_04_12_34_08_365.jpg,0.1470588,1,0,30.18847
/home/jfrancis/Downloads/IMG/center_2021_02_04_12_34_08_444.jpg,/home/jfrancis/Downloads/IMG/left_2021_02_04_12_34_08_444.jpg,/home/jfrancis/Downloads/IMG/right_2021_02_04_12_34_08_444.jpg,0.1470588,1,0,30.18924
/home/jfrancis/Downloads/IMG/center_2021_02_04_12_34_08_511.jpg,/home/jfrancis/Downloads/IMG/left_2021_02_04_12_34_08_511.jpg,/home/jfrancis/Downloads/IMG/right_2021_02_04_12_34_08_511.jpg,0.1470588,1,0,30.19166
/home/jfrancis/Downloads/IMG/center_2021_02_04_12_34_08_580.jpg,/home/jfrancis/Downloads/IMG/left_2021_02_04_12_34_08_580.jpg,/home/jfrancis/Downloads/IMG/right_2021_02_04_12_34_08_580.jpg,0.1470588,1,0,30.18911
/home/jfrancis/Downloads/IMG/center_2021_02_04_12_34_08_649.jpg,/home/jfrancis/Downloads/IMG/left_2021_02_04_12_34_08_649.jpg,/home/jfrancis/Downloads/IMG/right_2021_02_04_12_34_08_649.jpg,0.03529412,1,0,30.19058
/home/jfrancis/Downloads/IMG/center_2021_02_04_12_34_08_720.jpg,/home/jfrancis/Downloads/IMG/left_2021_02_04_12_34_08_720.jpg,/home/jfrancis/Downloads/IMG/right_2021_02_04_12_34_08_720.jpg,-0.02352941,1,0,30.18912
/home/jfrancis/Downloads/IMG/center_2021_02_04_12_34_08_789.jpg,/home/jfrancis/Downloads/IMG/left_2021_02_04_12_34_08_789.jpg,/home/jfrancis/Downloads/IMG/right_2021_02_04_12_34_08_789.jpg,-0.02941176,1,0,30.18961
/home/jfrancis/Downloads/IMG/center_2021_02_04_12_34_08_857.jpg,/home/jfrancis/Downloads/IMG/left_2021_02_04_12_34_08_857.jpg,/home/jfrancis/Downloads/IMG/right_2021_02_04_12_34_08_857.jpg,-0.02941176,1,0,30.19001
/home/jfrancis/Downloads/IMG/center_2021_02_04_12_34_08_936.jpg,/home/jfrancis/Downloads/IMG/left_2021_02_04_12_34_08_936.jpg,/home/jfrancis/Downloads/IMG/right_2021_02_04_12_34_08_936.jpg,-0.02941176,1,0,30.19011
/home/jfrancis/Downloads/IMG/center_2021_02_04_12_34_09_003.jpg,/home/jfrancis/Downloads/IMG/left_2021_02_04_12_34_09_003.jpg,/home/jfrancis/Downloads/IMG/right_2021_02_04_12_34_09_003.jpg,-0.02941176,1,0,30.1902
/home/jfrancis/Downloads/IMG/center_2021_02_04_12_34_09_079.jpg,/home/jfrancis/Downloads/IMG/left_2021_02_04_12_34_09_079.jpg,/home/jfrancis/Downloads/IMG/right_2021_02_04_12_34_09_079.jpg,-0.02941176,1,0,30.19023
/home/jfrancis/Downloads/IMG/center_2021_02_04_12_34_09_146.jpg,/home/jfrancis/Downloads/IMG/left_2021_02_04_12_34_09_146.jpg,/home/jfrancis/Downloads/IMG/right_2021_02_04_12_34_09_146.jpg,-0.02941176,1,0,30.19024
/home/jfrancis/Downloads/IMG/center_2021_02_04_12_34_09_226.jpg,/home/jfrancis/Downloads/IMG/left_2021_02_04_12_34_09_226.jpg,/home/jfrancis/Downloads/IMG/right_2021_02_04_12_34_09_226.jpg,0.04705882,1,0,30.18945
/home/jfrancis/Downloads/IMG/center_2021_02_04_12_34_09_303.jpg,/home/jfrancis/Downloads/IMG/left_2021_02_04_12_34_09_303.jpg,/home/jfrancis/Downloads/IMG/right_2021_02_04_12_34_09_303.jpg,0.1176471,1,0,30.18677
/home/jfrancis/Downloads/IMG/center_2021_02_04_12_34_09_378.jpg,/home/jfrancis/Downloads/IMG/left_2021_02_04_12_34_09_378.jpg,/home/jfrancis/Downloads/IMG/right_2021_02_04_12_34_09_378.jpg,0.1176471,1,0,30.18849
/home/jfrancis/Downloads/IMG/center_2021_02_04_12_34_09_456.jpg,/home/jfrancis/Downloads/IMG/left_2021_02_04_12_34_09_456.jpg,/home/jfrancis/Downloads/IMG/right_2021_02_04_12_34_09_456.jpg,0.1176471,1,0,30.18915
/home/jfrancis/Downloads/IMG/center_2021_02_04_12_34_09_528.jpg,/home/jfrancis/Downloads/IMG/left_2021_02_04_12_34_09_528.jpg,/home/jfrancis/Downloads/IMG/right_2021_02_04_12_34_09_528.jpg,0.1176471,1,0,30.18946
/home/jfrancis/Downloads/IMG/center_2021_02_04_12_34_09_596.jpg,/home/jfrancis/Downloads/IMG/left_2021_02_04_12_34_09_596.jpg,/home/jfrancis/Downloads/IMG/right_2021_02_04_12_34_09_596.jpg,0.1176471,1,0,30.18972
/home/jfrancis/Downloads/IMG/center_2021_02_04_12_34_09_674.jpg,/home/jfrancis/Downloads/IMG/left_2021_02_04_12_34_09_674.jpg,/home/jfrancis/Downloads/IMG/right_2021_02_04_12_34_09_674.jpg,0.07647059,1,0,30.19058
/home/jfrancis/Downloads/IMG/center_2021_02_04_12_34_09_741.jpg,/home/jfrancis/Downloads/IMG/left_2021_02_04_12_34_09_741.jpg,/home/jfrancis/Downloads/IMG/right_2021_02_04_12_34_09_741.jpg,0.06470589,1,0,30.19056
/home/jfrancis/Downloads/IMG/center_2021_02_04_12_34_09_812.jpg,/home/jfrancis/Downloads/IMG/left_2021_02_04_12_34_09_812.jpg,/home/jfrancis/Downloads/IMG/right_2021_02_04_12_34_09_812.jpg,0.06470589,1,0,30.19048
/home/jfrancis/Downloads/IMG/center_2021_02_04_12_34_09_881.jpg,/home/jfrancis/Downloads/IMG/left_2021_02_04_12_34_09_881.jpg,/home/jfrancis/Downloads/IMG/right_2021_02_04_12_34_09_881.jpg,0.04117647,1,0,30.19056
/home/jfrancis/Downloads/IMG/center_2021_02_04_12_34_09_957.jpg,/home/jfrancis/Downloads/IMG/left_2021_02_04_12_34_09_957.jpg,/home/jfrancis/Downloads/IMG/right_2021_02_04_12_34_09_957.jpg,0.005882353,1,0,30.19028
/home/jfrancis/Downloads/IMG/center_2021_02_04_12_34_10_027.jpg,/home/jfrancis/Downloads/IMG/left_2021_02_04_12_34_10_027.jpg,/home/jfrancis/Downloads/IMG/right_2021_02_04_12_34_10_027.jpg,-0.01764706,1,0,30.19001
/home/jfrancis/Downloads/IMG/center_2021_02_04_12_34_10_096.jpg,/home/jfrancis/Downloads/IMG/left_2021_02_04_12_34_10_096.jpg,/home/jfrancis/Downloads/IMG/right_2021_02_04_12_34_10_096.jpg,-0.02941176,1,0,30.18999
/home/jfrancis/Downloads/IMG/center_2021_02_04_12_34_10_164.jpg,/home/jfrancis/Downloads/IMG/left_2021_02_04_12_34_10_164.jpg,/home/jfrancis/Downloads/IMG/right_2021_02_04_12_34_10_164.jpg,-0.04117647,1,0,30.1899
/home/jfrancis/Downloads/IMG/center_2021_02_04_12_34_10_231.jpg,/home/jfrancis/Downloads/IMG/left_2021_02_04_12_34_10_231.jpg,/home/jfrancis/Downloads/IMG/right_2021_02_04_12_34_10_231.jpg,-0.08235294,1,0,30.18879
/home/jfrancis/Downloads/IMG/center_2021_02_04_12_34_10_305.jpg,/home/jfrancis/Downloads/IMG/left_2021_02_04_12_34_10_305.jpg,/home/jfrancis/Downloads/IMG/right_2021_02_04_12_34_10_305.jpg,-0.09411765,1,0,30.18902
/home/jfrancis/Downloads/IMG/center_2021_02_04_12_34_10_375.jpg,/home/jfrancis/Downloads/IMG/left_2021_02_04_12_34_10_375.jpg,/home/jfrancis/Downloads/IMG/right_2021_02_04_12_34_10_375.jpg,-0.09411765,1,0,30.18954
/home/jfrancis/Downloads/IMG/center_2021_02_04_12_34_10_447.jpg,/home/jfrancis/Downloads/IMG/left_2021_02_04_12_34_10_447.jpg,/home/jfrancis/Downloads/IMG/right_2021_02_04_12_34_10_447.jpg,-0.09411765,1,0,30.18975
/home/jfrancis/Downloads/IMG/center_2021_02_04_12_34_10_516.jpg,/home/jfrancis/Downloads/IMG/left_2021_02_04_12_34_10_516.jpg,/home/jfrancis/Downloads/IMG/right_2021_02_04_12_34_10_516.jpg,-0.09411765,1,0,30.1899
/home/jfrancis/Downloads/IMG/center_2021_02_04_12_34_10_588.jpg,/home/jfrancis/Downloads/IMG/left_2021_02_04_12_34_10_588.jpg,/home/jfrancis/Downloads/IMG/right_2021_02_04_12_34_10_588.jpg,-0.09411765,1,0,30.18997
/home/jfrancis/Downloads/IMG/center_2021_02_04_12_34_10_660.jpg,/home/jfrancis/Downloads/IMG/left_2021_02_04_12_34_10_660.jpg,/home/jfrancis/Downloads/IMG/right_2021_02_04_12_34_10_660.jpg,-0.09411765,1,0,30.19005
/home/jfrancis/Downloads/IMG/center_2021_02_04_12_34_10_727.jpg,/home/jfrancis/Downloads/IMG/left_2021_02_04_12_34_10_727.jpg,/home/jfrancis/Downloads/IMG/right_2021_02_04_12_34_10_727.jpg,-0.02941176,1,0,30.19046
/home/jfrancis/Downloads/IMG/center_2021_02_04_12_34_10_796.jpg,/home/jfrancis/Downloads/IMG/left_2021_02_04_12_34_10_796.jpg,/home/jfrancis/Downloads/IMG/right_2021_02_04_12_34_10_796.jpg,-0.005882353,1,0,30.19026
/home/jfrancis/Downloads/IMG/center_2021_02_04_12_34_10_865.jpg,/home/jfrancis/Downloads/IMG/left_2021_02_04_12_34_10_865.jpg,/home/jfrancis/Downloads/IMG/right_2021_02_04_12_34_10_865.jpg,0,1,0,30.19024
/home/jfrancis/Downloads/IMG/center_2021_02_04_12_34_10_934.jpg,/home/jfrancis/Downloads/IMG/left_2021_02_04_12_34_10_934.jpg,/home/jfrancis/Downloads/IMG/right_2021_02_04_12_34_10_934.jpg,0,1,0,30.19028
/home/jfrancis/Downloads/IMG/center_2021_02_04_12_34_11_004.jpg,/home/jfrancis/Downloads/IMG/left_2021_02_04_12_34_11_004.jpg,/home/jfrancis/Downloads/IMG/right_2021_02_04_12_34_11_004.jpg,0,1,0,30.1903
/home/jfrancis/Downloads/IMG/center_2021_02_04_12_34_11_074.jpg,/home/jfrancis/Downloads/IMG/left_2021_02_04_12_34_11_074.jpg,/home/jfrancis/Downloads/IMG/right_2021_02_04_12_34_11_074.jpg,0,1,0,30.19029
/home/jfrancis/Downloads/IMG/center_2021_02_04_12_34_11_143.jpg,/home/jfrancis/Downloads/IMG/left_2021_02_04_12_34_11_143.jpg,/home/jfrancis/Downloads/IMG/right_2021_02_04_12_34_11_143.jpg,0,1,0,30.19029
/home/jfrancis/Downloads/IMG/center_2021_02_04_12_34_11_212.jpg,/home/jfrancis/Downloads/IMG/left_2021_02_04_12_34_11_212.jpg,/home/jfrancis/Downloads/IMG/right_2021_02_04_12_34_11_212.jpg,0,1,0,30.19031
/home/jfrancis/Downloads/IMG/center_2021_02_04_12_34_11_285.jpg,/home/jfrancis/Downloads/IMG/left_2021_02_04_12_34_11_285.jpg,/home/jfrancis/Downloads/IMG/right_2021_02_04_12_34_11_285.jpg,0,1,0,30.19028
/home/jfrancis/Downloads/IMG/center_2021_02_04_12_34_11_357.jpg,/home/jfrancis/Downloads/IMG/left_2021_02_04_12_34_11_357.jpg,/home/jfrancis/Downloads/IMG/right_2021_02_04_12_34_11_357.jpg,0,1,0,30.19029
/home/jfrancis/Downloads/IMG/center_2021_02_04_12_34_11_427.jpg,/home/jfrancis/Downloads/IMG/left_2021_02_04_12_34_11_427.jpg,/home/jfrancis/Downloads/IMG/right_2021_02_04_12_34_11_427.jpg,0,1,0,30.19032
/home/jfrancis/Downloads/IMG/center_2021_02_04_12_34_11_497.jpg,/home/jfrancis/Downloads/IMG/left_2021_02_04_12_34_11_497.jpg,/home/jfrancis/Downloads/IMG/right_2021_02_04_12_34_11_497.jpg,0,1,0,30.19031
/home/jfrancis/Downloads/IMG/center_2021_02_04_12_34_11_578.jpg,/home/jfrancis/Downloads/IMG/left_2021_02_04_12_34_11_578.jpg,/home/jfrancis/Downloads/IMG/right_2021_02_04_12_34_11_578.jpg,0,1,0,30.19029
/home/jfrancis/Downloads/IMG/center_2021_02_04_12_34_11_645.jpg,/home/jfrancis/Downloads/IMG/left_2021_02_04_12_34_11_645.jpg,/home/jfrancis/Downloads/IMG/right_2021_02_04_12_34_11_645.jpg,0,1,0,30.19032
/home/jfrancis/Downloads/IMG/center_2021_02_04_12_34_11_718.jpg,/home/jfrancis/Downloads/IMG/left_2021_02_04_12_34_11_718.jpg,/home/jfrancis/Downloads/IMG/right_2021_02_04_12_34_11_718.jpg,0,1,0,30.19029
/home/jfrancis/Downloads/IMG/center_2021_02_04_12_34_11_798.jpg,/home/jfrancis/Downloads/IMG/left_2021_02_04_12_34_11_798.jpg,/home/jfrancis/Downloads/IMG/right_2021_02_04_12_34_11_798.jpg,-0.02941176,1,0,30.19012
/home/jfrancis/Downloads/IMG/center_2021_02_04_12_34_11_871.jpg,/home/jfrancis/Downloads/IMG/left_2021_02_04_12_34_11_871.jpg,/home/jfrancis/Downloads/IMG/right_2021_02_04_12_34_11_871.jpg,-0.04705882,1,0,30.18986
/home/jfrancis/Downloads/IMG/center_2021_02_04_12_34_11_942.jpg,/home/jfrancis/Downloads/IMG/left_2021_02_04_12_34_11_942.jpg,/home/jfrancis/Downloads/IMG/right_2021_02_04_12_34_11_942.jpg,-0.05294118,1,0,30.18992
/home/jfrancis/Downloads/IMG/center_2021_02_04_12_34_12_011.jpg,/home/jfrancis/Downloads/IMG/left_2021_02_04_12_34_12_011.jpg,/home/jfrancis/Downloads/IMG/right_2021_02_04_12_34_12_011.jpg,-0.05294118,1,0,30.19007
/home/jfrancis/Downloads/IMG/center_2021_02_04_12_34_12_091.jpg,/home/jfrancis/Downloads/IMG/left_2021_02_04_12_34_12_091.jpg,/home/jfrancis/Downloads/IMG/right_2021_02_04_12_34_12_091.jpg,-0.05294118,1,0,30.19006
/home/jfrancis/Downloads/IMG/center_2021_02_04_12_34_12_168.jpg,/home/jfrancis/Downloads/IMG/left_2021_02_04_12_34_12_168.jpg,/home/jfrancis/Downloads/IMG/right_2021_02_04_12_34_12_168.jpg,-0.05294118,1,0,30.19014
/home/jfrancis/Downloads/IMG/center_2021_02_04_12_34_12_245.jpg,/home/jfrancis/Downloads/IMG/left_2021_02_04_12_34_12_245.jpg,/home/jfrancis/Downloads/IMG/right_2021_02_04_12_34_12_245.jpg,-0.05294118,1,0,30.19019
/home/jfrancis/Downloads/IMG/center_2021_02_04_12_34_12_326.jpg,/home/jfrancis/Downloads/IMG/left_2021_02_04_12_34_12_326.jpg,/home/jfrancis/Downloads/IMG/right_2021_02_04_12_34_12_326.jpg,-0.04117647,1,0,30.19045
/home/jfrancis/Downloads/IMG/center_2021_02_04_12_34_12_394.jpg,/home/jfrancis/Downloads/IMG/left_2021_02_04_12_34_12_394.jpg,/home/jfrancis/Downloads/IMG/right_2021_02_04_12_34_12_394.jpg,-0.01176471,1,0,30.19036
/home/jfrancis/Downloads/IMG/center_2021_02_04_12_34_12_464.jpg,/home/jfrancis/Downloads/IMG/left_2021_02_04_12_34_12_464.jpg,/home/jfrancis/Downloads/IMG/right_2021_02_04_12_34_12_464.jpg,-0.005882353,1,0,30.19028
/home/jfrancis/Downloads/IMG/center_2021_02_04_12_34_12_535.jpg,/home/jfrancis/Downloads/IMG/left_2021_02_04_12_34_12_535.jpg,/home/jfrancis/Downloads/IMG/right_2021_02_04_12_34_12_535.jpg,-0.005882353,1,0,30.19032
/home/jfrancis/Downloads/IMG/center_2021_02_04_12_34_12_606.jpg,/home/jfrancis/Downloads/IMG/left_2021_02_04_12_34_12_606.jpg,/home/jfrancis/Downloads/IMG/right_2021_02_04_12_34_12_606.jpg,0,1,0,30.19029
/home/jfrancis/Downloads/IMG/center_2021_02_04_12_34_12_684.jpg,/home/jfrancis/Downloads/IMG/left_2021_02_04_12_34_12_684.jpg,/home/jfrancis/Downloads/IMG/right_2021_02_04_12_34_12_684.jpg,0,1,0,30.19032
/home/jfrancis/Downloads/IMG/center_2021_02_04_12_34_12_764.jpg,/home/jfrancis/Downloads/IMG/left_2021_02_04_12_34_12_764.jpg,/home/jfrancis/Downloads/IMG/right_2021_02_04_12_34_12_764.jpg,0,1,0,30.1903
/home/jfrancis/Downloads/IMG/center_2021_02_04_12_34_12_831.jpg,/home/jfrancis/Downloads/IMG/left_2021_02_04_12_34_12_831.jpg,/home/jfrancis/Downloads/IMG/right_2021_02_04_12_34_12_831.jpg,0,1,0,30.1903
/home/jfrancis/Downloads/IMG/center_2021_02_04_12_34_12_909.jpg,/home/jfrancis/Downloads/IMG/left_2021_02_04_12_34_12_909.jpg,/home/jfrancis/Downloads/IMG/right_2021_02_04_12_34_12_909.jpg,0,1,0,30.19031
/home/jfrancis/Downloads/IMG/center_2021_02_04_12_34_12_983.jpg,/home/jfrancis/Downloads/IMG/left_2021_02_04_12_34_12_983.jpg,/home/jfrancis/Downloads/IMG/right_2021_02_04_12_34_12_983.jpg,0,1,0,30.1903
/home/jfrancis/Downloads/IMG/center_2021_02_04_12_34_13_060.jpg,/home/jfrancis/Downloads/IMG/left_2021_02_04_12_34_13_060.jpg,/home/jfrancis/Downloads/IMG/right_2021_02_04_12_34_13_060.jpg,0,1,0,30.1903
/home/jfrancis/Downloads/IMG/center_2021_02_04_12_34_13_140.jpg,/home/jfrancis/Downloads/IMG/left_2021_02_04_12_34_13_140.jpg,/home/jfrancis/Downloads/IMG/right_2021_02_04_12_34_13_140.jpg,0,1,0,30.19031
/home/jfrancis/Downloads/IMG/center_2021_02_04_12_34_13_219.jpg,/home/jfrancis/Downloads/IMG/left_2021_02_04_12_34_13_219.jpg,/home/jfrancis/Downloads/IMG/right_2021_02_04_12_34_13_219.jpg,0,1,0,30.19031
/home/jfrancis/Downloads/IMG/center_2021_02_04_12_34_13_286.jpg,/home/jfrancis/Downloads/IMG/left_2021_02_04_12_34_13_286.jpg,/home/jfrancis/Downloads/IMG/right_2021_02_04_12_34_13_286.jpg,0,1,0,30.19032
/home/jfrancis/Downloads/IMG/center_2021_02_04_12_34_13_358.jpg,/home/jfrancis/Downloads/IMG/left_2021_02_04_12_34_13_358.jpg,/home/jfrancis/Downloads/IMG/right_2021_02_04_12_34_13_358.jpg,0,1,0,30.19029
/home/jfrancis/Downloads/IMG/center_2021_02_04_12_34_13_437.jpg,/home/jfrancis/Downloads/IMG/left_2021_02_04_12_34_13_437.jpg,/home/jfrancis/Downloads/IMG/right_2021_02_04_12_34_13_437.jpg,0,1,0,30.19029
/home/jfrancis/Downloads/IMG/center_2021_02_04_12_34_13_504.jpg,/home/jfrancis/Downloads/IMG/left_2021_02_04_12_34_13_504.jpg,/home/jfrancis/Downloads/IMG/right_2021_02_04_12_34_13_504.jpg,0,1,0,30.19032
/home/jfrancis/Downloads/IMG/center_2021_02_04_12_34_13_572.jpg,/home/jfrancis/Downloads/IMG/left_2021_02_04_12_34_13_572.jpg,/home/jfrancis/Downloads/IMG/right_2021_02_04_12_34_13_572.jpg,-0.005882353,1,0,30.19032
/home/jfrancis/Downloads/IMG/center_2021_02_04_12_34_13_654.jpg,/home/jfrancis/Downloads/IMG/left_2021_02_04_12_34_13_654.jpg,/home/jfrancis/Downloads/IMG/right_2021_02_04_12_34_13_654.jpg,-0.01176471,1,0,30.19027
/home/jfrancis/Downloads/IMG/center_2021_02_04_12_34_13_723.jpg,/home/jfrancis/Downloads/IMG/left_2021_02_04_12_34_13_723.jpg,/home/jfrancis/Downloads/IMG/right_2021_02_04_12_34_13_723.jpg,-0.01176471,1,0,30.19041
/home/jfrancis/Downloads/IMG/center_2021_02_04_12_34_13_802.jpg,/home/jfrancis/Downloads/IMG/left_2021_02_04_12_34_13_802.jpg,/home/jfrancis/Downloads/IMG/right_2021_02_04_12_34_13_802.jpg,-0.01176471,1,0,30.19027
/home/jfrancis/Downloads/IMG/center_2021_02_04_12_34_13_881.jpg,/home/jfrancis/Downloads/IMG/left_2021_02_04_12_34_13_881.jpg,/home/jfrancis/Downloads/IMG/right_2021_02_04_12_34_13_881.jpg,-0.01176471,1,0,30.19031
/home/jfrancis/Downloads/IMG/center_2021_02_04_12_34_13_959.jpg,/home/jfrancis/Downloads/IMG/left_2021_02_04_12_34_13_959.jpg,/home/jfrancis/Downloads/IMG/right_2021_02_04_12_34_13_959.jpg,-0.01176471,1,0,30.19029
/home/jfrancis/Downloads/IMG/center_2021_02_04_12_34_14_029.jpg,/home/jfrancis/Downloads/IMG/left_2021_02_04_12_34_14_029.jpg,/home/jfrancis/Downloads/IMG/right_2021_02_04_12_34_14_029.jpg,-0.01176471,1,0,30.1903
/home/jfrancis/Downloads/IMG/center_2021_02_04_12_34_14_102.jpg,/home/jfrancis/Downloads/IMG/left_2021_02_04_12_34_14_102.jpg,/home/jfrancis/Downloads/IMG/right_2021_02_04_12_34_14_102.jpg,-0.01176471,1,0,30.19027
/home/jfrancis/Downloads/IMG/center_2021_02_04_12_34_14_180.jpg,/home/jfrancis/Downloads/IMG/left_2021_02_04_12_34_14_180.jpg,/home/jfrancis/Downloads/IMG/right_2021_02_04_12_34_14_180.jpg,-0.01764706,1,0,30.19024
/home/jfrancis/Downloads/IMG/center_2021_02_04_12_34_14_248.jpg,/home/jfrancis/Downloads/IMG/left_2021_02_04_12_34_14_248.jpg,/home/jfrancis/Downloads/IMG/right_2021_02_04_12_34_14_248.jpg,-0.01764706,1,0,30.19029
/home/jfrancis/Downloads/IMG/center_2021_02_04_12_34_14_328.jpg,/home/jfrancis/Downloads/IMG/left_2021_02_04_12_34_14_328.jpg,/home/jfrancis/Downloads/IMG/right_2021_02_04_12_34_14_328.jpg,-0.01764706,1,0,30.19028
/home/jfrancis/Downloads/IMG/center_2021_02_04_12_34_14_395.jpg,/home/jfrancis/Downloads/IMG/left_2021_02_04_12_34_14_395.jpg,/home/jfrancis/Downloads/IMG/right_2021_02_04_12_34_14_395.jpg,-0.01764706,1,0,30.19031
/home/jfrancis/Downloads/IMG/center_2021_02_04_12_34_14_475.jpg,/home/jfrancis/Downloads/IMG/left_2021_02_04_12_34_14_475.jpg,/home/jfrancis/Downloads/IMG/right_2021_02_04_12_34_14_475.jpg,-0.01764706,1,0,30.1903
/home/jfrancis/Downloads/IMG/center_2021_02_04_12_34_14_542.jpg,/home/jfrancis/Downloads/IMG/left_2021_02_04_12_34_14_542.jpg,/home/jfrancis/Downloads/IMG/right_2021_02_04_12_34_14_542.jpg,-0.02352941,1,0,30.19027
/home/jfrancis/Downloads/IMG/center_2021_02_04_12_34_14_609.jpg,/home/jfrancis/Downloads/IMG/left_2021_02_04_12_34_14_609.jpg,/home/jfrancis/Downloads/IMG/right_2021_02_04_12_34_14_609.jpg,-0.02352941,1,0,30.19028
/home/jfrancis/Downloads/IMG/center_2021_02_04_12_34_14_682.jpg,/home/jfrancis/Downloads/IMG/left_2021_02_04_12_34_14_682.jpg,/home/jfrancis/Downloads/IMG/right_2021_02_04_12_34_14_682.jpg,-0.02352941,1,0,30.19028
/home/jfrancis/Downloads/IMG/center_2021_02_04_12_34_14_761.jpg,/home/jfrancis/Downloads/IMG/left_2021_02_04_12_34_14_761.jpg,/home/jfrancis/Downloads/IMG/right_2021_02_04_12_34_14_761.jpg,-0.02352941,1,0,30.19029
/home/jfrancis/Downloads/IMG/center_2021_02_04_12_34_14_829.jpg,/home/jfrancis/Downloads/IMG/left_2021_02_04_12_34_14_829.jpg,/home/jfrancis/Downloads/IMG/right_2021_02_04_12_34_14_829.jpg,-0.02352941,1,0,30.19029
/home/jfrancis/Downloads/IMG/center_2021_02_04_12_34_14_909.jpg,/home/jfrancis/Downloads/IMG/left_2021_02_04_12_34_14_909.jpg,/home/jfrancis/Downloads/IMG/right_2021_02_04_12_34_14_909.jpg,-0.02352941,1,0,30.19042
/home/jfrancis/Downloads/IMG/center_2021_02_04_12_34_14_984.jpg,/home/jfrancis/Downloads/IMG/left_2021_02_04_12_34_14_984.jpg,/home/jfrancis/Downloads/IMG/right_2021_02_04_12_34_14_984.jpg,-0.02352941,1,0,30.19029
/home/jfrancis/Downloads/IMG/center_2021_02_04_12_34_15_054.jpg,/home/jfrancis/Downloads/IMG/left_2021_02_04_12_34_15_054.jpg,/home/jfrancis/Downloads/IMG/right_2021_02_04_12_34_15_054.jpg,-0.02352941,1,0,30.19031
/home/jfrancis/Downloads/IMG/center_2021_02_04_12_34_15_123.jpg,/home/jfrancis/Downloads/IMG/left_2021_02_04_12_34_15_123.jpg,/home/jfrancis/Downloads/IMG/right_2021_02_04_12_34_15_123.jpg,-0.02352941,1,0,30.19041
/home/jfrancis/Downloads/IMG/center_2021_02_04_12_34_15_202.jpg,/home/jfrancis/Downloads/IMG/left_2021_02_04_12_34_15_202.jpg,/home/jfrancis/Downloads/IMG/right_2021_02_04_12_34_15_202.jpg,-0.02352941,1,0,30.19029
/home/jfrancis/Downloads/IMG/center_2021_02_04_12_34_15_279.jpg,/home/jfrancis/Downloads/IMG/left_2021_02_04_12_34_15_279.jpg,/home/jfrancis/Downloads/IMG/right_2021_02_04_12_34_15_279.jpg,-0.02352941,1,0,30.19029
/home/jfrancis/Downloads/IMG/center_2021_02_04_12_34_15_348.jpg,/home/jfrancis/Downloads/IMG/left_2021_02_04_12_34_15_348.jpg,/home/jfrancis/Downloads/IMG/right_2021_02_04_12_34_15_348.jpg,-0.02352941,1,0,30.19029
/home/jfrancis/Downloads/IMG/center_2021_02_04_12_34_15_422.jpg,/home/jfrancis/Downloads/IMG/left_2021_02_04_12_34_15_422.jpg,/home/jfrancis/Downloads/IMG/right_2021_02_04_12_34_15_422.jpg,-0.02352941,1,0,30.19029
/home/jfrancis/Downloads/IMG/center_2021_02_04_12_34_15_490.jpg,/home/jfrancis/Downloads/IMG/left_2021_02_04_12_34_15_490.jpg,/home/jfrancis/Downloads/IMG/right_2021_02_04_12_34_15_490.jpg,-0.02352941,1,0,30.19029
/home/jfrancis/Downloads/IMG/center_2021_02_04_12_34_15_565.jpg,/home/jfrancis/Downloads/IMG/left_2021_02_04_12_34_15_565.jpg,/home/jfrancis/Downloads/IMG/right_2021_02_04_12_34_15_565.jpg,-0.02352941,1,0,30.19028
/home/jfrancis/Downloads/IMG/center_2021_02_04_12_34_15_638.jpg,/home/jfrancis/Downloads/IMG/left_2021_02_04_12_34_15_638.jpg,/home/jfrancis/Downloads/IMG/right_2021_02_04_12_34_15_638.jpg,-0.02352941,1,0,30.19031
/home/jfrancis/Downloads/IMG/center_2021_02_04_12_34_15_712.jpg,/home/jfrancis/Downloads/IMG/left_2021_02_04_12_34_15_712.jpg,/home/jfrancis/Downloads/IMG/right_2021_02_04_12_34_15_712.jpg,-0.02352941,1,0,30.1903
/home/jfrancis/Downloads/IMG/center_2021_02_04_12_34_15_786.jpg,/home/jfrancis/Downloads/IMG/left_2021_02_04_12_34_15_786.jpg,/home/jfrancis/Downloads/IMG/right_2021_02_04_12_34_15_786.jpg,-0.02352941,1,0,30.1903
/home/jfrancis/Downloads/IMG/center_2021_02_04_12_34_15_859.jpg,/home/jfrancis/Downloads/IMG/left_2021_02_04_12_34_15_859.jpg,/home/jfrancis/Downloads/IMG/right_2021_02_04_12_34_15_859.jpg,-0.02352941,1,0,30.19029
/home/jfrancis/Downloads/IMG/center_2021_02_04_12_34_15_932.jpg,/home/jfrancis/Downloads/IMG/left_2021_02_04_12_34_15_932.jpg,/home/jfrancis/Downloads/IMG/right_2021_02_04_12_34_15_932.jpg,-0.02352941,1,0,30.19029
/home/jfrancis/Downloads/IMG/center_2021_02_04_12_34_16_005.jpg,/home/jfrancis/Downloads/IMG/left_2021_02_04_12_34_16_005.jpg,/home/jfrancis/Downloads/IMG/right_2021_02_04_12_34_16_005.jpg,-0.02352941,1,0,30.19031
/home/jfrancis/Downloads/IMG/center_2021_02_04_12_34_16_079.jpg,/home/jfrancis/Downloads/IMG/left_2021_02_04_12_34_16_079.jpg,/home/jfrancis/Downloads/IMG/right_2021_02_04_12_34_16_079.jpg,-0.02352941,1,0,30.1903
/home/jfrancis/Downloads/IMG/center_2021_02_04_12_34_16_150.jpg,/home/jfrancis/Downloads/IMG/left_2021_02_04_12_34_16_150.jpg,/home/jfrancis/Downloads/IMG/right_2021_02_04_12_34_16_150.jpg,-0.02352941,1,0,30.19027
/home/jfrancis/Downloads/IMG/center_2021_02_04_12_34_16_225.jpg,/home/jfrancis/Downloads/IMG/left_2021_02_04_12_34_16_225.jpg,/home/jfrancis/Downloads/IMG/right_2021_02_04_12_34_16_225.jpg,-0.02352941,1,0,30.19027
/home/jfrancis/Downloads/IMG/center_2021_02_04_12_34_16_297.jpg,/home/jfrancis/Downloads/IMG/left_2021_02_04_12_34_16_297.jpg,/home/jfrancis/Downloads/IMG/right_2021_02_04_12_34_16_297.jpg,-0.02352941,1,0,30.1902
/home/jfrancis/Downloads/IMG/center_2021_02_04_12_34_16_367.jpg,/home/jfrancis/Downloads/IMG/left_2021_02_04_12_34_16_367.jpg,/home/jfrancis/Downloads/IMG/right_2021_02_04_12_34_16_367.jpg,-0.02352941,1,0,30.1903
/home/jfrancis/Downloads/IMG/center_2021_02_04_12_34_16_436.jpg,/home/jfrancis/Downloads/IMG/left_2021_02_04_12_34_16_436.jpg,/home/jfrancis/Downloads/IMG/right_2021_02_04_12_34_16_436.jpg,-0.02352941,1,0,30.19024
/home/jfrancis/Downloads/IMG/center_2021_02_04_12_34_16_509.jpg,/home/jfrancis/Downloads/IMG/left_2021_02_04_12_34_16_509.jpg,/home/jfrancis/Downloads/IMG/right_2021_02_04_12_34_16_509.jpg,-0.02352941,1,0,30.19041
/home/jfrancis/Downloads/IMG/center_2021_02_04_12_34_16_578.jpg,/home/jfrancis/Downloads/IMG/left_2021_02_04_12_34_16_578.jpg,/home/jfrancis/Downloads/IMG/right_2021_02_04_12_34_16_578.jpg,-0.02352941,1,0,30.19029
/home/jfrancis/Downloads/IMG/center_2021_02_04_12_34_16_652.jpg,/home/jfrancis/Downloads/IMG/left_2021_02_04_12_34_16_652.jpg,/home/jfrancis/Downloads/IMG/right_2021_02_04_12_34_16_652.jpg,-0.02352941,1,0,30.1903
/home/jfrancis/Downloads/IMG/center_2021_02_04_12_34_16_728.jpg,/home/jfrancis/Downloads/IMG/left_2021_02_04_12_34_16_728.jpg,/home/jfrancis/Downloads/IMG/right_2021_02_04_12_34_16_728.jpg,-0.02352941,1,0,30.1903
/home/jfrancis/Downloads/IMG/center_2021_02_04_12_34_16_802.jpg,/home/jfrancis/Downloads/IMG/left_2021_02_04_12_34_16_802.jpg,/home/jfrancis/Downloads/IMG/right_2021_02_04_12_34_16_802.jpg,-0.02352941,1,0,30.19027
/home/jfrancis/Downloads/IMG/center_2021_02_04_12_34_16_876.jpg,/home/jfrancis/Downloads/IMG/left_2021_02_04_12_34_16_876.jpg,/home/jfrancis/Downloads/IMG/right_2021_02_04_12_34_16_876.jpg,-0.01764706,1,0,30.19029
/home/jfrancis/Downloads/IMG/center_2021_02_04_12_34_16_956.jpg,/home/jfrancis/Downloads/IMG/left_2021_02_04_12_34_16_956.jpg,/home/jfrancis/Downloads/IMG/right_2021_02_04_12_34_16_956.jpg,0,1,0,30.19029
/home/jfrancis/Downloads/IMG/center_2021_02_04_12_34_17_030.jpg,/home/jfrancis/Downloads/IMG/left_2021_02_04_12_34_17_030.jpg,/home/jfrancis/Downloads/IMG/right_2021_02_04_12_34_17_030.jpg,0,1,0,30.19029
/home/jfrancis/Downloads/IMG/center_2021_02_04_12_34_17_099.jpg,/home/jfrancis/Downloads/IMG/left_2021_02_04_12_34_17_099.jpg,/home/jfrancis/Downloads/IMG/right_2021_02_04_12_34_17_099.jpg,0,1,0,30.19031
/home/jfrancis/Downloads/IMG/center_2021_02_04_12_34_17_168.jpg,/home/jfrancis/Downloads/IMG/left_2021_02_04_12_34_17_168.jpg,/home/jfrancis/Downloads/IMG/right_2021_02_04_12_34_17_168.jpg,0,1,0,30.19027
/home/jfrancis/Downloads/IMG/center_2021_02_04_12_34_17_236.jpg,/home/jfrancis/Downloads/IMG/left_2021_02_04_12_34_17_236.jpg,/home/jfrancis/Downloads/IMG/right_2021_02_04_12_34_17_236.jpg,0,1,0,30.19031
/home/jfrancis/Downloads/IMG/center_2021_02_04_12_34_17_307.jpg,/home/jfrancis/Downloads/IMG/left_2021_02_04_12_34_17_307.jpg,/home/jfrancis/Downloads/IMG/right_2021_02_04_12_34_17_307.jpg,0,1,0,30.19032
/home/jfrancis/Downloads/IMG/center_2021_02_04_12_34_17_379.jpg,/home/jfrancis/Downloads/IMG/left_2021_02_04_12_34_17_379.jpg,/home/jfrancis/Downloads/IMG/right_2021_02_04_12_34_17_379.jpg,0,1,0,30.19031
/home/jfrancis/Downloads/IMG/center_2021_02_04_12_34_17_449.jpg,/home/jfrancis/Downloads/IMG/left_2021_02_04_12_34_17_449.jpg,/home/jfrancis/Downloads/IMG/right_2021_02_04_12_34_17_449.jpg,0,1,0,30.1903
/home/jfrancis/Downloads/IMG/center_2021_02_04_12_34_17_523.jpg,/home/jfrancis/Downloads/IMG/left_2021_02_04_12_34_17_523.jpg,/home/jfrancis/Downloads/IMG/right_2021_02_04_12_34_17_523.jpg,0,1,0,30.19029
/home/jfrancis/Downloads/IMG/center_2021_02_04_12_34_17_595.jpg,/home/jfrancis/Downloads/IMG/left_2021_02_04_12_34_17_595.jpg,/home/jfrancis/Downloads/IMG/right_2021_02_04_12_34_17_595.jpg,0,1,0,30.19023
/home/jfrancis/Downloads/IMG/center_2021_02_04_12_34_17_663.jpg,/home/jfrancis/Downloads/IMG/left_2021_02_04_12_34_17_663.jpg,/home/jfrancis/Downloads/IMG/right_2021_02_04_12_34_17_663.jpg,0,1,0,30.19027
/home/jfrancis/Downloads/IMG/center_2021_02_04_12_34_17_730.jpg,/home/jfrancis/Downloads/IMG/left_2021_02_04_12_34_17_730.jpg,/home/jfrancis/Downloads/IMG/right_2021_02_04_12_34_17_730.jpg,0,1,0,30.19031
/home/jfrancis/Downloads/IMG/center_2021_02_04_12_34_17_809.jpg,/home/jfrancis/Downloads/IMG/left_2021_02_04_12_34_17_809.jpg,/home/jfrancis/Downloads/IMG/right_2021_02_04_12_34_17_809.jpg,0,1,0,30.19032
/home/jfrancis/Downloads/IMG/center_2021_02_04_12_34_17_889.jpg,/home/jfrancis/Downloads/IMG/left_2021_02_04_12_34_17_889.jpg,/home/jfrancis/Downloads/IMG/right_2021_02_04_12_34_17_889.jpg,0,1,0,30.19027
/home/jfrancis/Downloads/IMG/center_2021_02_04_12_34_17_957.jpg,/home/jfrancis/Downloads/IMG/left_2021_02_04_12_34_17_957.jpg,/home/jfrancis/Downloads/IMG/right_2021_02_04_12_34_17_957.jpg,0,1,0,30.19029
/home/jfrancis/Downloads/IMG/center_2021_02_04_12_34_18_034.jpg,/home/jfrancis/Downloads/IMG/left_2021_02_04_12_34_18_034.jpg,/home/jfrancis/Downloads/IMG/right_2021_02_04_12_34_18_034.jpg,0,1,0,30.19028
/home/jfrancis/Downloads/IMG/center_2021_02_04_12_34_18_112.jpg,/home/jfrancis/Downloads/IMG/left_2021_02_04_12_34_18_112.jpg,/home/jfrancis/Downloads/IMG/right_2021_02_04_12_34_18_112.jpg,0,1,0,30.1903
/home/jfrancis/Downloads/IMG/center_2021_02_04_12_34_18_187.jpg,/home/jfrancis/Downloads/IMG/left_2021_02_04_12_34_18_187.jpg,/home/jfrancis/Downloads/IMG/right_2021_02_04_12_34_18_187.jpg,0,1,0,30.1903
/home/jfrancis/Downloads/IMG/center_2021_02_04_12_34_18_262.jpg,/home/jfrancis/Downloads/IMG/left_2021_02_04_12_34_18_262.jpg,/home/jfrancis/Downloads/IMG/right_2021_02_04_12_34_18_262.jpg,0,1,0,30.19028
/home/jfrancis/Downloads/IMG/center_2021_02_04_12_34_18_330.jpg,/home/jfrancis/Downloads/IMG/left_2021_02_04_12_34_18_330.jpg,/home/jfrancis/Downloads/IMG/right_2021_02_04_12_34_18_330.jpg,-0.03529412,1,0,30.18999
/home/jfrancis/Downloads/IMG/center_2021_02_04_12_34_18_401.jpg,/home/jfrancis/Downloads/IMG/left_2021_02_04_12_34_18_401.jpg,/home/jfrancis/Downloads/IMG/right_2021_02_04_12_34_18_401.jpg,-0.04117647,1,0,30.19
/home/jfrancis/Downloads/IMG/center_2021_02_04_12_34_18_472.jpg,/home/jfrancis/Downloads/IMG/left_2021_02_04_12_34_18_472.jpg,/home/jfrancis/Downloads/IMG/right_2021_02_04_12_34_18_472.jpg,-0.04117647,1,0,30.19015
/home/jfrancis/Downloads/IMG/center_2021_02_04_12_34_18_547.jpg,/home/jfrancis/Downloads/IMG/left_2021_02_04_12_34_18_547.jpg,/home/jfrancis/Downloads/IMG/right_2021_02_04_12_34_18_547.jpg,-0.04117647,1,0,30.19017
/home/jfrancis/Downloads/IMG/center_2021_02_04_12_34_18_623.jpg,/home/jfrancis/Downloads/IMG/left_2021_02_04_12_34_18_623.jpg,/home/jfrancis/Downloads/IMG/right_2021_02_04_12_34_18_623.jpg,-0.04117647,1,0,30.19022
/home/jfrancis/Downloads/IMG/center_2021_02_04_12_34_18_702.jpg,/home/jfrancis/Downloads/IMG/left_2021_02_04_12_34_18_702.jpg,/home/jfrancis/Downloads/IMG/right_2021_02_04_12_34_18_702.jpg,-0.04117647,1,0,30.1902
/home/jfrancis/Downloads/IMG/center_2021_02_04_12_34_18_783.jpg,/home/jfrancis/Downloads/IMG/left_2021_02_04_12_34_18_783.jpg,/home/jfrancis/Downloads/IMG/right_2021_02_04_12_34_18_783.jpg,-0.04117647,1,0,30.19022
/home/jfrancis/Downloads/IMG/center_2021_02_04_12_34_18_859.jpg,/home/jfrancis/Downloads/IMG/left_2021_02_04_12_34_18_859.jpg,/home/jfrancis/Downloads/IMG/right_2021_02_04_12_34_18_859.jpg,-0.04117647,1,0,30.19027
/home/jfrancis/Downloads/IMG/center_2021_02_04_12_34_18_931.jpg,/home/jfrancis/Downloads/IMG/left_2021_02_04_12_34_18_931.jpg,/home/jfrancis/Downloads/IMG/right_2021_02_04_12_34_18_931.jpg,-0.04117647,1,0,30.1901
/home/jfrancis/Downloads/IMG/center_2021_02_04_12_34_19_000.jpg,/home/jfrancis/Downloads/IMG/left_2021_02_04_12_34_19_000.jpg,/home/jfrancis/Downloads/IMG/right_2021_02_04_12_34_19_000.jpg,-0.04117647,1,0,30.19026
/home/jfrancis/Downloads/IMG/center_2021_02_04_12_34_19_072.jpg,/home/jfrancis/Downloads/IMG/left_2021_02_04_12_34_19_072.jpg,/home/jfrancis/Downloads/IMG/right_2021_02_04_12_34_19_072.jpg,-0.04117647,1,0,30.19025
/home/jfrancis/Downloads/IMG/center_2021_02_04_12_34_19_147.jpg,/home/jfrancis/Downloads/IMG/left_2021_02_04_12_34_19_147.jpg,/home/jfrancis/Downloads/IMG/right_2021_02_04_12_34_19_147.jpg,-0.02941176,1,0,30.19029
/home/jfrancis/Downloads/IMG/center_2021_02_04_12_34_19_217.jpg,/home/jfrancis/Downloads/IMG/left_2021_02_04_12_34_19_217.jpg,/home/jfrancis/Downloads/IMG/right_2021_02_04_12_34_19_217.jpg,-0.02941176,1,0,30.19031
/home/jfrancis/Downloads/IMG/center_2021_02_04_12_34_19_290.jpg,/home/jfrancis/Downloads/IMG/left_2021_02_04_12_34_19_290.jpg,/home/jfrancis/Downloads/IMG/right_2021_02_04_12_34_19_290.jpg,-0.01176471,1,0,30.19033
/home/jfrancis/Downloads/IMG/center_2021_02_04_12_34_19_365.jpg,/home/jfrancis/Downloads/IMG/left_2021_02_04_12_34_19_365.jpg,/home/jfrancis/Downloads/IMG/right_2021_02_04_12_34_19_365.jpg,-0.005882353,1,0,30.1903
/home/jfrancis/Downloads/IMG/center_2021_02_04_12_34_19_442.jpg,/home/jfrancis/Downloads/IMG/left_2021_02_04_12_34_19_442.jpg,/home/jfrancis/Downloads/IMG/right_2021_02_04_12_34_19_442.jpg,-0.005882353,1,0,30.19031
/home/jfrancis/Downloads/IMG/center_2021_02_04_12_34_19_517.jpg,/home/jfrancis/Downloads/IMG/left_2021_02_04_12_34_19_517.jpg,/home/jfrancis/Downloads/IMG/right_2021_02_04_12_34_19_517.jpg,-0.005882353,1,0,30.19027
/home/jfrancis/Downloads/IMG/center_2021_02_04_12_34_19_590.jpg,/home/jfrancis/Downloads/IMG/left_2021_02_04_12_34_19_590.jpg,/home/jfrancis/Downloads/IMG/right_2021_02_04_12_34_19_590.jpg,-0.005882353,1,0,30.19029
/home/jfrancis/Downloads/IMG/center_2021_02_04_12_34_19_657.jpg,/home/jfrancis/Downloads/IMG/left_2021_02_04_12_34_19_657.jpg,/home/jfrancis/Downloads/IMG/right_2021_02_04_12_34_19_657.jpg,-0.005882353,1,0,30.1903
/home/jfrancis/Downloads/IMG/center_2021_02_04_12_34_19_734.jpg,/home/jfrancis/Downloads/IMG/left_2021_02_04_12_34_19_734.jpg,/home/jfrancis/Downloads/IMG/right_2021_02_04_12_34_19_734.jpg,-0.005882353,1,0,30.19027
